CÓDIGO;NOME;EMAIL
1;Johan Libert;johan.libert@gmail.com
2;Yuri Araújo;yuri.araujo@gmail.com
3;Jimin ;jimin.bts@gmail.com
4;Sam Winchester;sam.winchester@gmail.com
5;Isabelli Camargo;isabelli.camargo@gmail.com
6;Gabrielli Camargo;gabrielli.camargo@gmail.com
